rank_pontos_brutos;player;pontos_brutos_total;Guild Challenge;PvE Black;Coleta Black;Power Cores;Tesouros Black;Keeper Uprising;Contrabandistas;Hellgates;Profundezas;Corrompidas;Castelos e Outposts
1;jrfate;21370867;17122000;4062163;3468;46273;17338;61111;17551;0;0;0;40963
2;Horsix;18826149;15224000;3581099;0;0;1176;16018;1421;0;0;0;2435
3;TKZX;16609295;12788000;2829998;58195;338945;148279;245471;81667;3107;4230;267;111136
4;Sabedoria7;9777292;7693527;1505413;37759;216221;30580;220843;35684;0;19382;0;17883
5;imdonedontkillme;7315315;5887500;1042382;36894;65369;65817;79701;76418;557;23408;557;36712
6;Euhh;6658795;5184007;649860;73603;121499;177620;313993;65465;649;150;0;71949
7;SerpentVeil;6425912;5162019;932319;46771;64654;66657;34540;84978;0;17317;0;16657
8;JrMadRyukk;5800103;4730858;1069066;0;0;0;179;0;0;0;0;0
9;Tmaiusculo;5502351;3538195;649331;21149;380869;74378;610442;135454;0;0;0;92533
10;xXFate;5374691;4428778;932936;0;0;7300;368;3005;0;2304;0;0
11;PlantsTK;5348320;3959913;744644;39532;110870;58426;246290;160826;0;3528;0;24291
12;Hi6or;4262518;3237385;562948;23370;126419;65466;165508;68255;2412;4902;289;5564
13;BSAIGunner;4065288;3190074;338675;16544;117843;47850;196520;110052;0;29768;0;17962
14;Nagacaburos;3996177;3160196;436441;112217;94422;81780;64475;33852;0;960;0;11834
15;dsn;3662041;2584852;350885;53534;219981;78024;229758;88397;2412;1086;0;53112
16;jokker1998;3619304;2772615;448942;17077;157205;29388;34031;109951;0;1518;0;48577
17;minhafemea1;3519096;2392960;205702;45936;183195;57435;347021;265061;0;1008;0;20778
18;OniGuM000;3517882;2646599;204510;0;128196;108500;152571;222565;0;29020;0;25921
19;lordkiller01;3445335;2616956;283950;47297;110621;83954;210376;40630;649;0;0;50902
20;Jairrodrigo;3327485;2453701;292668;59721;301288;67473;74637;73063;3030;1904;0;0
21;Julioczr;3235118;2624927;507381;1109;52002;10804;22763;14036;0;468;0;1628
22;MatMac;3161623;2294095;229391;4323;244803;87913;118435;108979;3107;6571;0;64006
23;Akuma1000;3063397;2005800;239817;2498;147116;46190;445475;72692;0;0;0;103809
24;ISpellNotFound;3053903;2502224;538520;0;0;886;9014;2285;0;0;0;974
25;Groom84;2771280;2515082;35544;11170;120321;8094;51748;12989;0;0;0;16332
26;Dorfiuses;2742410;2164737;328378;9630;23175;59621;43711;95801;8843;1460;2078;4976
27;WellITKD;2647445;2339725;225523;1002;15253;9065;29877;18753;0;0;0;8247
28;maicon1357;2624438;2020696;346042;24763;103402;31790;48548;29237;0;0;0;19960
29;avven1996;2406515;2064915;222084;65314;17625;20231;12695;1215;0;2436;0;0
30;KuNaKiNa;2380191;1624030;183416;30488;150973;65833;102212;203034;0;66;0;20139
31;goncalves23;2360366;1750320;317865;14014;129702;33371;72614;22468;1731;1568;356;16357
32;LEOPOLD;2356811;1904072;62420;77061;128517;53390;47724;81679;0;0;0;1948
33;jordansPt;2355357;1952354;226879;8542;0;121422;4689;41303;0;168;0;0
34;theYousek;2332054;1955190;78944;8441;52704;37029;21667;60109;0;101816;0;16154
35;BrEnnD;2273303;2011435;103023;11139;21752;24975;56171;42384;0;2424;0;0
36;LipeFuab;2169230;1669077;278863;1733;94594;20654;57284;47025;0;0;0;0
37;hardfedles;2155567;1461299;167656;11794;0;122546;19879;370209;0;2184;0;0
38;Lamusk;2115996;1690890;199205;9741;42970;41935;52829;73371;0;1392;0;3663
39;Natsury;2028627;1633355;158385;4265;82626;25074;77398;30674;0;4362;0;12488
40;Cominhos;2027387;1498697;206287;8751;57580;30293;147408;11792;557;6793;0;59229
41;Patolas;2008248;1426502;139283;68582;123233;30470;154697;52424;0;0;0;13057
42;Jmbv;1984370;1398746;143799;13168;146588;75833;53520;124635;0;2946;0;25135
43;Soldier027;1814899;1171640;93772;30895;193103;42899;146110;127364;0;504;0;8612
44;VTracer;1756666;1190988;73851;88870;87039;24984;243466;34128;0;0;0;13340
45;Reguilla;1688648;1529970;50301;3707;5721;16616;55743;19669;0;6921;0;0
46;MineMim;1669104;1257517;206468;1205;50716;8452;69119;42827;0;0;245;32555
47;Amakv;1617490;1160350;213432;24216;94909;17661;43485;58680;0;0;0;4757
48;Temperamental;1612013;1266632;109312;1964;0;27014;97595;97662;0;1404;0;10430
49;Nandixx;1568429;1289974;89701;1958;8386;23647;93727;21666;0;52;0;39318
50;A2ar;1561262;883433;116041;0;127078;87863;195760;66753;0;2982;0;81352
51;Ruizao;1519488;1499223;6549;0;0;6887;2959;877;0;84;2909;0
52;Karz1N;1518507;1218506;125805;730;21288;100001;28420;16192;0;224;0;7341
53;Superpk;1518417;1279067;91225;74033;14213;37817;1020;20675;0;78;289;0
54;gugaboss;1442864;1433704;1963;786;0;6261;150;0;0;0;0;0
55;MARIOMALAN;1377319;1083603;19985;44682;93289;38845;69968;25791;0;0;0;1156
56;Stresseed;1365821;1082708;259134;0;2112;14878;2573;4223;0;0;193;0
57;Yuangii;1357156;915935;138578;9247;66582;22083;127044;47843;0;0;0;29844
58;Merlinavo;1300048;1116632;107555;8127;12869;9593;34129;6566;0;3928;0;649
59;Lumen821;1295620;1113516;53449;0;17787;9726;12348;26544;0;47800;0;14450
60;habibino;1268833;1047873;216981;0;0;1431;294;2254;0;0;0;0
61;zNeii;1257432;1063029;157481;22315;0;12932;390;751;0;0;534;0
62;MaxHardcore;1229747;714262;52342;0;154129;27773;210246;57019;0;0;0;13976
63;Djwd;1187723;952748;66941;2634;21246;23134;25628;44619;0;49312;0;1461
64;VnfaTI;1103784;854240;73294;946;0;104171;1369;62978;3618;3168;0;0
65;VULTO;1060068;806378;179291;2809;13929;15205;3517;8375;0;904;0;29660
66;KABRITONHO;1058902;850508;161365;0;0;7426;21602;9894;0;5580;579;1948
67;BBob;1036274;855425;50598;0;0;14975;4145;111131;0;0;0;0
68;HolyGyat2324;979598;707456;201733;20062;4085;7583;13969;17439;0;420;0;6851
69;Grockyy;944186;711145;72952;20890;0;24645;34331;80223;0;0;0;0
70;MYLOLA262;941377;669313;88220;12351;45430;18187;81728;15727;0;0;0;10421
71;Chuckzerah;925557;835144;59896;1389;21051;2058;2640;1431;0;0;0;1948
72;Guislave;917013;720682;30106;22764;36003;15912;52467;30751;0;0;0;8328
73;YukitoRaiden;891546;837628;20913;0;0;9302;2107;21596;0;0;0;0
74;XIShanksXI;854013;754708;84405;815;2527;1634;2265;6888;0;0;0;771
75;Rammstein;852089;681726;166314;3155;0;894;0;0;0;0;0;0
76;LORDJAPAA;847157;659536;39769;34992;0;7513;9358;95989;0;0;0;0
77;Davimix;839890;578112;42837;40235;46205;14958;92929;11826;0;1776;0;11012
78;Elga7id;839215;710765;128286;0;0;164;0;0;0;0;0;0
79;Jabiroca1;815612;532787;74006;6569;54600;34720;42286;64024;0;336;0;6284
80;ImPetty;776047;776047;0;0;0;0;0;0;0;0;0;0
81;okiteKomi;767493;623662;95377;0;7400;14071;4662;21550;0;0;0;771
82;Aradzin;767289;764229;2333;0;0;656;71;0;0;0;0;0
83;vadisley;667492;389888;81278;1536;24182;15051;107889;12060;0;0;0;35608
84;MachoAlpha;667185;572024;21151;20881;16894;20037;677;14504;0;728;289;0
85;LuiziN;658798;552596;86572;1917;1706;8860;1749;1132;0;1344;0;2922
86;OlhaOPassarinho;634093;504379;16269;46048;3364;34332;4619;25082;0;0;0;0
87;3YS4N;614094;468173;21465;3899;0;27519;2538;88316;0;2184;0;0
88;MonetaryMike;613850;417562;73115;8898;9097;59603;13584;27649;0;0;0;4342
89;morrty;576524;517580;17833;1909;14367;5337;3136;15063;0;0;0;1299
90;SuSex;548416;501599;15455;0;0;9929;671;751;4545;10933;4533;0
91;WarlockLord;543694;412412;75058;743;0;21469;16834;17178;0;0;0;0
92;Sum0l;537335;366559;37019;11721;26800;11045;46834;24474;0;0;0;12883
93;Kuntakint;516832;477518;5835;4437;16786;1604;6947;2368;433;0;0;904
94;RVZZ24;500629;500629;0;0;0;0;0;0;0;0;0;0
95;ChicaoCowboy;470514;470514;0;0;0;0;0;0;0;0;0;0
96;RullinSKILL;469166;342708;1260;44618;32122;18858;59;29541;0;0;0;0
97;MRBrutu;448802;443603;1908;0;0;477;808;438;0;1568;0;0
98;Xakalzin;436037;322577;3752;49185;10558;18068;0;31897;0;0;0;0
99;Hachixi;435418;320329;71665;0;7770;4905;11966;18783;0;0;0;0
100;Nery;423813;423813;0;0;0;0;0;0;0;0;0;0
101;SeuDanadoo;420204;309534;18067;13029;26310;16969;14666;20280;0;0;0;1349
102;zBrunooHD;387796;285286;6397;26683;22694;20140;2625;23036;0;0;935;0
103;xVenon;378858;378714;0;0;0;0;0;0;0;144;0;0
104;IPPON;374018;307793;29687;0;19005;11628;1885;0;4020;0;0;0
105;MissyPT;364458;293934;24574;2917;0;3339;5438;34256;0;0;0;0
106;NamikazePT;361948;293328;7587;18748;8663;18227;2280;5428;5194;0;2493;0
107;julszthaone;358279;312298;28102;0;0;14922;2080;877;0;0;0;0
108;KatarinasemC;352416;314238;28654;6485;0;2840;199;0;0;0;0;0
109;AnjoThall;330994;291105;11072;0;0;16209;672;11936;0;0;0;0
110;Pevida;322743;320952;1258;0;0;0;100;0;433;0;0;0
111;1NightReaperLWY;307162;284396;11620;0;0;1113;2692;7341;0;0;0;0
112;BrunoAnulino;303378;266627;2823;1008;7959;9278;579;15104;0;0;0;0
113;Tuga95;303201;268764;14381;4973;0;11688;765;2630;0;0;0;0
114;Jarjarjeanbon;295645;209783;12614;12374;7391;5082;13756;34645;0;0;0;0
115;EBMonarca;275846;245239;11363;8413;0;7871;36;2924;0;0;0;0
116;RodriRowanShade;265404;246005;3098;0;0;2256;809;13236;0;0;0;0
117;MaCiRoSKi;259399;246407;2821;0;6159;2746;535;731;0;0;0;0
118;Warm4m;251810;226289;14237;2956;0;7460;601;267;0;0;0;0
119;teessa;247744;176526;25427;1944;5685;1950;5890;27117;0;0;0;3205
120;Merus;246744;206746;4476;24992;0;6798;2508;68;0;0;0;1156
121;IIIIIIIIIII;243187;164620;2437;10899;32731;2359;16756;13385;0;0;0;0
122;ROLEPLAY;242416;232789;518;2231;5685;1193;0;0;0;0;0;0
123;TOTOYBATO;240899;240899;0;0;0;0;0;0;0;0;0;0
124;Lostmothers;240759;185754;14265;3467;4548;9092;131;23502;0;0;0;0
125;Wolfy1st;227028;226761;267;0;0;0;0;0;0;0;0;0
126;tfmPuniSHEr;226148;214508;2878;0;6159;1494;378;731;0;0;0;0
127;JackTrip21;215903;177947;7693;0;886;3293;21019;5065;0;0;0;0
128;ThordaSilva;209851;209851;0;0;0;0;0;0;0;0;0;0
129;vitinraba;208314;152200;12050;0;15860;5642;15018;5853;0;392;0;1299
130;TheoTheLion;203255;163584;21268;0;0;2800;936;14667;0;0;0;0
131;RobertXVII;202135;153204;30964;0;0;0;249;955;8194;0;1395;7174
132;kadigo;195524;167464;14746;0;0;4348;1981;3026;0;1064;0;2895
133;Madruguinha;190792;133757;5540;0;3790;6872;588;40179;0;66;0;0
134;Mavin;188727;143718;1729;14930;6064;8974;5125;8187;0;0;0;0
135;CunaPrata;184565;143063;7640;0;1895;8120;1888;12762;0;0;0;9197
136;NevesXC;183537;158792;6429;1982;0;4601;194;11539;0;0;0;0
137;Hlinha;181328;130398;16908;0;15161;6534;2032;2219;0;0;0;8076
138;Imortal;178364;141197;17894;0;0;2703;1314;15256;0;0;0;0
139;dudugamexd43;172431;161974;2546;0;0;5367;0;2492;0;52;0;0
140;Davllmix;172149;139815;20739;0;0;7152;977;3466;0;0;0;0
141;nito19;170635;156797;2931;0;5279;1647;0;3981;0;0;0;0
142;GlitterGold;161293;159073;2128;0;0;0;92;0;0;0;0;0
143;2PowerGiat;154874;133289;15225;0;0;1421;722;3831;0;0;386;0
144;Superrr2855;137985;103273;12604;0;0;3188;2257;16663;0;0;0;0
145;xKickout;137344;137344;0;0;0;0;0;0;0;0;0;0
146;ViToR09;132589;132589;0;0;0;0;0;0;0;0;0;0
147;Vr4L;131448;127206;3685;0;0;417;0;0;0;140;0;0
148;BobBob;130996;103632;6884;0;0;537;331;19612;0;0;0;0
149;ToastT;121408;103377;13877;0;2274;429;80;1371;0;0;0;0
150;TensaiPT;121326;99827;11388;0;0;2868;1191;6052;0;0;0;0
151;Afonsosa;115454;115355;99;0;0;0;0;0;0;0;0;0
152;JoxPT;113130;86234;3893;0;18041;2180;1012;1770;0;0;0;0
153;BWCTuga;111910;88226;14648;0;0;853;7966;217;0;0;0;0
154;B2r;109942;95173;8105;0;0;6460;204;0;0;0;0;0
155;1SkylifhtLWY;91226;75520;7225;0;0;974;1920;5587;0;0;0;0
156;suypoM;89311;89078;233;0;0;0;0;0;0;0;0;0
157;Patiinhas;87762;79159;77;7989;0;537;0;0;0;0;0;0
158;Lourok;85936;85462;364;0;0;0;110;0;0;0;0;0
159;Telesss;85924;69630;7843;0;4548;2563;366;0;0;0;0;974
160;oldZada;85764;85764;0;0;0;0;0;0;0;0;0;0
161;DanyV2;81376;22021;2954;0;0;8048;910;5448;0;0;0;41995
162;ZURGUING;80215;68152;7050;0;0;2415;331;0;557;1710;0;0
163;FullTime;79632;40320;3200;2199;10064;3313;16599;2963;0;0;0;974
164;MakeOverBonk;77976;77976;0;0;0;0;0;0;0;0;0;0
165;leonekilua;76539;47257;3100;1857;0;5993;233;18099;0;0;0;0
166;BigKaHuNa;75281;58891;5817;810;0;9481;282;0;0;0;0;0
167;executador;71382;56420;4925;0;8623;877;191;346;0;0;0;0
168;OWERLORI123;56068;37996;5249;0;8447;2713;849;814;0;0;0;0
169;Kytario;53228;37465;7120;0;0;1878;0;6765;0;0;0;0
170;WillHue;50584;43214;5085;0;0;1073;180;58;0;0;0;974
171;Sariely;50565;50565;0;0;0;0;0;0;0;0;0;0
172;Sonjigolo;49084;43018;3389;0;0;398;61;1607;433;0;178;0
173;Spotk;47028;31846;677;0;0;327;11662;1542;0;0;0;974
174;Zicadas;44596;39232;2080;0;0;1252;279;1753;0;0;0;0
175;Bijior;41706;36962;249;0;0;835;0;3660;0;0;0;0
176;gusta23;41654;36567;951;0;0;1044;71;3021;0;0;0;0
177;RUILEI;40070;35211;4730;0;0;0;129;0;0;0;0;0
178;o;39540;39540;0;0;0;0;0;0;0;0;0;0
179;elcondopassa;38355;30062;8293;0;0;0;0;0;0;0;0;0
180;Porquitchona;38208;27245;3161;0;3460;1289;90;2963;0;0;0;0
181;TheBad;38192;24306;5607;0;0;2132;1712;4435;0;0;0;0
182;xotinhadecoco;38184;31972;6212;0;0;0;0;0;0;0;0;0
183;Xiitos;37544;36996;14;0;0;0;0;0;0;0;534;0
184;JowManojow;37278;30609;2178;0;0;3906;387;0;0;198;0;0
185;Andrezao;36477;36477;0;0;0;0;0;0;0;0;0;0
186;SShadowless;34232;32611;279;0;0;814;0;0;0;528;0;0
187;yPROF;34209;33908;301;0;0;0;0;0;0;0;0;0
188;TioTrymmi;32275;11142;581;0;3980;1193;15379;0;0;0;0;0
189;Siriuslx7;32109;31622;487;0;0;0;0;0;0;0;0;0
190;JJWAR;29729;13675;2071;0;1508;258;11597;620;0;0;0;0
191;jotarokunBR78;27282;23578;3008;0;0;696;0;0;0;0;0;0
192;ImTheBestOf;26070;23023;2063;0;0;984;0;0;0;0;0;0
193;Thevyr;25774;25774;0;0;0;0;0;0;0;0;0;0
194;ONEGANO;25599;25599;0;0;0;0;0;0;0;0;0;0
195;Toolsnew;24236;22374;908;0;0;954;0;0;0;0;0;0
196;bezaina;23783;23783;0;0;0;0;0;0;0;0;0;0
197;GLADIADOR;22396;22396;0;0;0;0;0;0;0;0;0;0
198;jamaiquinha;22349;19268;3081;0;0;0;0;0;0;0;0;0
199;GolpeBaixo;22144;22144;0;0;0;0;0;0;0;0;0;0
200;mknjbh;21161;19247;1397;0;0;517;0;0;0;0;0;0
201;Miliys;20453;17656;1618;0;0;1113;66;0;0;0;0;0
202;BUNNYYKII;19880;19811;69;0;0;0;0;0;0;0;0;0
203;Caiporaathenari;18908;18908;0;0;0;0;0;0;0;0;0;0
204;Sekarlatt;15640;15640;0;0;0;0;0;0;0;0;0;0
205;DinossauroDino;14972;14913;59;0;0;0;0;0;0;0;0;0
206;diovolo;14339;0;3504;0;0;2852;71;7536;0;168;208;0
207;HooLiSheet;14138;9542;897;0;0;3488;211;0;0;0;0;0
208;ROBINHOBINHO;13700;13595;105;0;0;0;0;0;0;0;0;0
209;JORJAO;12437;3548;132;0;7580;0;419;758;0;0;0;0
210;DpOZPIO;11367;0;11367;0;0;0;0;0;0;0;0;0
211;totentandojoga;10831;10831;0;0;0;0;0;0;0;0;0;0
212;BloodXD;9848;9848;0;0;0;0;0;0;0;0;0;0
213;JaxSlayer;8533;7729;0;0;0;0;0;0;804;0;0;0
214;ziorni;8010;8010;0;0;0;0;0;0;0;0;0;0
215;Chapadexx;7299;6595;704;0;0;0;0;0;0;0;0;0
216;Sracriola;6656;2964;206;0;0;984;0;2502;0;0;0;0
217;KalosKirk2;5050;4842;0;0;0;0;0;0;0;208;0;0
218;AmadaFoka;4927;0;0;0;4927;0;0;0;0;0;0;0
219;OskiGoat;4920;4428;383;0;0;109;0;0;0;0;0;0
220;kingjolas;4773;4773;0;0;0;0;0;0;0;0;0;0
221;OldEleven11;4526;4526;0;0;0;0;0;0;0;0;0;0
222;Austrix;4350;3908;292;0;0;0;150;0;0;0;0;0
223;NicoleHellmann;4297;4297;0;0;0;0;0;0;0;0;0;0
224;Bigodediarame;4043;3447;293;0;0;78;110;115;0;0;0;0
225;Blackflare;3802;3802;0;0;0;0;0;0;0;0;0;0
226;Lusitano;3375;3375;0;0;0;0;0;0;0;0;0;0
227;garotadeprograma;3197;3197;0;0;0;0;0;0;0;0;0;0
228;nnnnnpox;2680;2680;0;0;0;0;0;0;0;0;0;0
229;FVZX;2668;2408;174;0;0;0;86;0;0;0;0;0
230;MRyeezy007;2592;2436;156;0;0;0;0;0;0;0;0;0
231;RAPARIG4;2160;2160;0;0;0;0;0;0;0;0;0;0
232;SainorViking;2066;2035;31;0;0;0;0;0;0;0;0;0
233;Margitomen;2004;1564;67;0;0;0;123;250;0;0;0;0
234;ArmandoTeles;1900;1871;29;0;0;0;0;0;0;0;0;0
235;J061H;1783;1783;0;0;0;0;0;0;0;0;0;0
236;H1gor;1720;0;110;0;0;1610;0;0;0;0;0;0
237;BufasPT;1476;1476;0;0;0;0;0;0;0;0;0;0
238;DeadlySnake;1411;1411;0;0;0;0;0;0;0;0;0;0
239;Soamaldioado;1358;1250;108;0;0;0;0;0;0;0;0;0
240;SHEIKdOPONTILHAO;1312;58;2;0;0;1252;0;0;0;0;0;0
241;lord3444;1280;27;1;0;0;1252;0;0;0;0;0;0
242;BotaAcara;1043;820;42;0;0;181;0;0;0;0;0;0
243;Kaduuuuu;666;0;427;0;0;239;0;0;0;0;0;0
244;ElizabethR;249;249;0;0;0;0;0;0;0;0;0;0
245;tokaszi;214;214;0;0;0;0;0;0;0;0;0;0
246;Hitsukan;30;30;0;0;0;0;0;0;0;0;0;0
247;Avelha;0;0;0;0;0;0;0;0;0;0;0;0
248;BuchaCaller;0;0;0;0;0;0;0;0;0;0;0;0
249;CARLGALAGHER;0;0;0;0;0;0;0;0;0;0;0;0
250;Caxa01;0;0;0;0;0;0;0;0;0;0;0;0
251;HematomaBr;0;0;0;0;0;0;0;0;0;0;0;0
252;Hlinha2;0;0;0;0;0;0;0;0;0;0;0;0
253;HromeuPint0;0;0;0;0;0;0;0;0;0;0;0;0
254;Itryit;0;0;0;0;0;0;0;0;0;0;0;0
255;Leygrin;0;0;0;0;0;0;0;0;0;0;0;0
256;MoneyMaker555;0;0;0;0;0;0;0;0;0;0;0;0
257;muller001122;0;0;0;0;0;0;0;0;0;0;0;0
258;noob0102;0;0;0;0;0;0;0;0;0;0;0;0
259;NOTAGBusiness;0;0;0;0;0;0;0;0;0;0;0;0
260;OReiDoGado;0;0;0;0;0;0;0;0;0;0;0;0
261;ORKuT;0;0;0;0;0;0;0;0;0;0;0;0
262;Phomi;0;0;0;0;0;0;0;0;0;0;0;0
263;ReiDsn;0;0;0;0;0;0;0;0;0;0;0;0
264;ShobbyYeti;0;0;0;0;0;0;0;0;0;0;0;0
265;St4ayawayfromme;0;0;0;0;0;0;0;0;0;0;0;0
266;SucoDeFruta;0;0;0;0;0;0;0;0;0;0;0;0
267;TheOneSinx;0;0;0;0;0;0;0;0;0;0;0;0
268;tistaoo;0;0;0;0;0;0;0;0;0;0;0;0
269;UCKRAPT;0;0;0;0;0;0;0;0;0;0;0;0
270;user01Ouser;0;0;0;0;0;0;0;0;0;0;0;0
