rank;player;season_points_estimado;categoria_principal
1;Tmaiusculo;8871.423167;Keeper Uprising
2;TKZX;6187.917652;Keeper Uprising
3;Akuma1000;6178.629178;Keeper Uprising
4;Euhh;5373.214256;Keeper Uprising
5;minhafemea1;5265.321458;Keeper Uprising
6;Sabedoria7;4649.662026;Keeper Uprising
7;PlantsTK;4201.038428;Keeper Uprising
8;dsn;3914.554057;Keeper Uprising
9;jrfate;3726.633182;PvE Black
10;VTracer;3654.559522;Keeper Uprising
11;BSAIGunner;3640.881559;Keeper Uprising
12;lordkiller01;3446.960805;Keeper Uprising
13;OniGuM000;3131.986688;Keeper Uprising
14;Hi6or;3007.299072;Keeper Uprising
15;A2ar;3000.138349;Keeper Uprising
16;MaxHardcore;2936.596502;Keeper Uprising
17;Horsix;2698.704598;PvE Black
18;imdonedontkillme;2638.973918;Keeper Uprising
19;Patolas;2576.097707;Keeper Uprising
20;MatMac;2442.029976;Keeper Uprising
21;Soldier027;2434.535420;Keeper Uprising
22;Cominhos;2356.229038;Keeper Uprising
23;theYousek;2256.685790;Profundezas
24;KuNaKiNa;2019.916563;Keeper Uprising
25;Jairrodrigo;1992.153030;Keeper Uprising
26;Nagacaburos;1924.753226;Keeper Uprising
27;Yuangii;1908.092228;Keeper Uprising
28;SerpentVeil;1883.713102;Keeper Uprising
29;Temperamental;1511.628414;Keeper Uprising
30;vadisley;1504.258384;Keeper Uprising
31;Davimix;1490.435765;Keeper Uprising
32;goncalves23;1485.125986;Keeper Uprising
33;Nandixx;1417.048572;Keeper Uprising
34;Natsury;1391.159191;Keeper Uprising
35;LEOPOLD;1345.861017;Keeper Uprising
36;Jmbv;1316.485237;Keeper Uprising
37;MARIOMALAN;1309.920237;Keeper Uprising
38;Djwd;1293.183749;Profundezas
39;Dorfiuses;1277.072490;Keeper Uprising
40;jokker1998;1244.778492;Keeper Uprising
41;MYLOLA262;1244.123141;Keeper Uprising
42;maicon1357;1183.334342;Keeper Uprising
43;MineMim;1180.882321;Keeper Uprising
44;LipeFuab;1111.452539;Keeper Uprising
45;Lamusk;1090.819177;Keeper Uprising
46;Lumen821;1081.295213;Profundezas
47;BrEnnD;1069.301010;Keeper Uprising
48;Groom84;1062.068884;Keeper Uprising
49;Reguilla;1000.857965;Keeper Uprising
50;hardfedles;987.655774;Contrabandistas
51;Amakv;976.196281;Keeper Uprising
52;Guislave;903.036439;Keeper Uprising
53;Jabiroca1;789.921760;Keeper Uprising
54;Julioczr;765.609167;Keeper Uprising
55;JrMadRyukk;761.844201;Guild Challenge
56;Sum0l;748.056361;Keeper Uprising
57;avven1996;746.817833;Coleta Black
58;xXFate;741.279684;Guild Challenge
59;Karz1N;697.438518;Keeper Uprising
60;WellITKD;696.732783;Keeper Uprising
61;Grockyy;692.347983;Keeper Uprising
62;Merlinavo;677.448491;Keeper Uprising
63;jordansPt;550.965947;Tesouros Black
64;Superpk;537.502044;Coleta Black
65;KABRITONHO;518.691729;Keeper Uprising
66;ISpellNotFound;508.284234;Guild Challenge
67;SuSex;436.292415;Profundezas
68;VnfaTI;427.275188;Tesouros Black
69;HolyGyat2324;425.337860;Keeper Uprising
70;LORDJAPAA;409.203007;Coleta Black
71;MonetaryMike;390.679823;Keeper Uprising
72;OlhaOPassarinho;360.910641;Coleta Black
73;SeuDanadoo;334.037501;Keeper Uprising
74;WarlockLord;317.751720;Keeper Uprising
75;NamikazePT;315.567796;Hellgates
76;IIIIIIIIIII;310.993830;Keeper Uprising
77;RullinSKILL;288.624980;Coleta Black
78;JackTrip21;287.244439;Keeper Uprising
79;Xakalzin;284.616882;Coleta Black
80;Jarjarjeanbon;283.171768;Keeper Uprising
81;VULTO;279.093808;Guild Challenge
82;zNeii;269.795658;Coleta Black
83;zBrunooHD;261.150994;Coleta Black
84;Ruizao;255.490652;Guild Challenge
85;BBob;250.010428;Contrabandistas
86;Stresseed;244.575457;PvE Black
87;vitinraba;239.172237;Keeper Uprising
88;3YS4N;239.060347;Contrabandistas
89;FullTime;237.129918;Keeper Uprising
90;Hachixi;229.493113;Keeper Uprising
91;MachoAlpha;222.757217;Coleta Black
92;TioTrymmi;197.233187;Keeper Uprising
93;RobertXVII;194.834534;Hellgates
94;okiteKomi;188.793041;Keeper Uprising
95;Kuntakint;172.319556;Keeper Uprising
96;habibino;168.878966;Guild Challenge
97;Mavin;160.700792;Keeper Uprising
98;Merus;159.686801;Coleta Black
99;Chuckzerah;154.170161;Guild Challenge
100;IPPON;153.313585;Hellgates
101;Spotk;150.170417;Keeper Uprising
102;JJWAR;147.777914;Keeper Uprising
103;LuiziN;145.315257;Guild Challenge
104;MissyPT;143.717627;Keeper Uprising
105;teessa;138.200605;Keeper Uprising
106;XIShanksXI;133.443567;Guild Challenge
107;YukitoRaiden;132.527006;Guild Challenge
108;gugaboss;130.806088;Guild Challenge
109;morrty;130.395901;Guild Challenge
110;Rammstein;127.597146;PvE Black
111;BWCTuga;112.392702;Keeper Uprising
112;Elga7id;102.938063;Guild Challenge
113;DanyV2;84.902673;Castelos e Outposts
114;julszthaone;84.421204;Keeper Uprising
115;Hlinha;78.746211;Keeper Uprising
116;Tuga95;75.813904;Guild Challenge
117;CunaPrata;73.971629;Keeper Uprising
118;kadigo;72.691772;Keeper Uprising
119;Lostmothers;72.494050;Contrabandistas
120;MRBrutu;72.038639;Guild Challenge
121;EBMonarca;71.763356;Coleta Black
122;AnjoThall;70.074211;Tesouros Black
123;1NightReaperLWY;67.940469;Keeper Uprising
124;KatarinasemC;67.824128;Coleta Black
125;BrunoAnulino;67.745574;Guild Challenge
126;Madruguinha;67.446518;Contrabandistas
127;Aradzin;64.313440;Guild Challenge
128;ImPetty;62.557011;Guild Challenge
129;Superrr2855;58.938321;Keeper Uprising
130;Warm4m;53.999407;Guild Challenge
131;ZURGUING;50.586014;Profundezas
132;Imortal;50.324636;Keeper Uprising
133;TheoTheLion;48.320858;Guild Challenge
134;RodriRowanShade;44.985472;Guild Challenge
135;Davllmix;44.429220;Keeper Uprising
136;JoxPT;43.347511;Power Cores
137;NevesXC;41.560145;Guild Challenge
138;2PowerGiat;41.341016;Corrompidas
139;RVZZ24;40.355615;Guild Challenge
140;leonekilua;38.761570;Contrabandistas
141;Patiinhas;38.696092;Coleta Black
142;1SkylifhtLWY;38.374598;Keeper Uprising
143;MaCiRoSKi;38.329091;Guild Challenge
144;ChicaoCowboy;37.928050;Guild Challenge
145;TensaiPT;36.054576;Keeper Uprising
146;ROLEPLAY;35.151200;Guild Challenge
147;Nery;34.163491;Guild Challenge
148;Pevida;33.820710;Guild Challenge
149;xVenon;32.779993;Guild Challenge
150;TheBad;31.950511;Keeper Uprising
151;tfmPuniSHEr;31.916923;Guild Challenge
152;BobBob;31.399122;Contrabandistas
153;OWERLORI123;28.540669;Keeper Uprising
154;BigKaHuNa;28.006151;Tesouros Black
155;dudugamexd43;24.983421;Guild Challenge
156;nito19;24.573184;Guild Challenge
157;B2r;22.958127;Tesouros Black
158;Telesss;22.570638;Guild Challenge
159;diovolo;21.086169;Contrabandistas
160;TOTOYBATO;19.418826;Guild Challenge
161;executador;18.752192;Power Cores
162;Sonjigolo;18.669307;Hellgates
163;Wolfy1st;18.373638;Guild Challenge
164;Xiitos;18.246716;Corrompidas
165;ToastT;18.223080;Guild Challenge
166;JowManojow;17.107133;Tesouros Black
167;ThordaSilva;16.916052;Guild Challenge
168;GlitterGold;14.714757;Guild Challenge
169;Vr4L;14.385910;Guild Challenge
170;Kytario;13.827302;Contrabandistas
171;JORJAO;13.578050;Power Cores
172;JaxSlayer;12.257292;Hellgates
173;SShadowless;12.231112;Profundezas
174;Porquitchona;12.174720;Power Cores
175;xKickout;11.071276;Guild Challenge
176;ViToR09;10.687976;Guild Challenge
177;Zicadas;10.672157;Keeper Uprising
178;WillHue;10.456240;Guild Challenge
179;Afonsosa;9.333776;Guild Challenge
180;HooLiSheet;9.040280;Tesouros Black
181;Lourok;8.379657;Guild Challenge
182;gusta23;8.178698;Guild Challenge
183;Bijior;7.274306;Guild Challenge
184;suypoM;7.263006;Guild Challenge
185;oldZada;6.913421;Guild Challenge
186;MakeOverBonk;6.285632;Guild Challenge
187;RUILEI;6.109001;Guild Challenge
188;elcondopassa;5.357659;PvE Black
189;AmadaFoka;4.843661;Power Cores
190;xotinhadecoco;4.775290;Guild Challenge
191;Miliys;4.517285;Tesouros Black
192;ImTheBestOf;4.092753;Guild Challenge
193;Sariely;4.076036;Guild Challenge
194;jotarokunBR78;4.030820;Guild Challenge
195;DpOZPIO;4.022060;PvE Black
196;Sracriola;3.820307;Contrabandistas
197;KalosKirk2;3.643093;Profundezas
198;Toolsnew;3.585814;Guild Challenge
199;o;3.187312;Guild Challenge
200;Andrezao;2.940405;Guild Challenge
201;yPROF;2.839823;Guild Challenge
202;mknjbh;2.837546;Guild Challenge
203;Siriuslx7;2.721362;Guild Challenge
204;jamaiquinha;2.643360;Guild Challenge
205;H1gor;2.504493;Tesouros Black
206;Austrix;2.275322;Keeper Uprising
207;Thevyr;2.077638;Guild Challenge
208;ONEGANO;2.063531;Guild Challenge
209;Bigodediarame;1.954769;Keeper Uprising
210;SHEIKdOPONTILHAO;1.922709;Tesouros Black
211;lord3444;1.919856;Tesouros Black
212;bezaina;1.917143;Guild Challenge
213;Margitomen;1.872501;Keeper Uprising
214;GLADIADOR;1.805338;Guild Challenge
215;GolpeBaixo;1.785024;Guild Challenge
216;BUNNYYKII;1.621376;Guild Challenge
217;Caiporaathenari;1.524171;Guild Challenge
218;FVZX;1.320344;Keeper Uprising
219;Sekarlatt;1.260738;Guild Challenge
220;DinossauroDino;1.223011;Guild Challenge
221;ROBINHOBINHO;1.133043;Guild Challenge
222;totentandojoga;0.873085;Guild Challenge
223;BloodXD;0.793846;Guild Challenge
224;Chapadexx;0.780723;Guild Challenge
225;OskiGoat;0.659383;Guild Challenge
226;ziorni;0.645685;Guild Challenge
227;Kaduuuuu;0.517095;Tesouros Black
228;kingjolas;0.384751;Guild Challenge
229;OldEleven11;0.364840;Guild Challenge
230;BotaAcara;0.358147;Tesouros Black
231;NicoleHellmann;0.346380;Guild Challenge
232;Blackflare;0.306479;Guild Challenge
233;Lusitano;0.272058;Guild Challenge
234;garotadeprograma;0.257710;Guild Challenge
235;MRyeezy007;0.251564;Guild Challenge
236;nnnnnpox;0.216034;Guild Challenge
237;SainorViking;0.175010;Guild Challenge
238;RAPARIG4;0.174117;Guild Challenge
239;ArmandoTeles;0.161082;Guild Challenge
240;J061H;0.143727;Guild Challenge
241;Soamaldioado;0.138977;Guild Challenge
242;BufasPT;0.118980;Guild Challenge
243;DeadlySnake;0.113740;Guild Challenge
244;ElizabethR;0.020072;Guild Challenge
245;tokaszi;0.017251;Guild Challenge
246;Hitsukan;0.002418;Guild Challenge
247;Avelha;0.000000;Guild Challenge
248;BuchaCaller;0.000000;Guild Challenge
249;CARLGALAGHER;0.000000;Guild Challenge
250;Caxa01;0.000000;Guild Challenge
251;HematomaBr;0.000000;Guild Challenge
252;Hlinha2;0.000000;Guild Challenge
253;HromeuPint0;0.000000;Guild Challenge
254;Itryit;0.000000;Guild Challenge
255;Leygrin;0.000000;Guild Challenge
256;MoneyMaker555;0.000000;Guild Challenge
257;muller001122;0.000000;Guild Challenge
258;noob0102;0.000000;Guild Challenge
259;NOTAGBusiness;0.000000;Guild Challenge
260;OReiDoGado;0.000000;Guild Challenge
261;ORKuT;0.000000;Guild Challenge
262;Phomi;0.000000;Guild Challenge
263;ReiDsn;0.000000;Guild Challenge
264;ShobbyYeti;0.000000;Guild Challenge
265;St4ayawayfromme;0.000000;Guild Challenge
266;SucoDeFruta;0.000000;Guild Challenge
267;TheOneSinx;0.000000;Guild Challenge
268;tistaoo;0.000000;Guild Challenge
269;UCKRAPT;0.000000;Guild Challenge
270;user01Ouser;0.000000;Guild Challenge
