ID Discord;Membro;Saldo atual (prata);Saldo guilda (prata);Status;Diferença atual - guilda
"318123377619632130";"OkiteKomi";"484830";"484830";"Igual";"0"
"361179127065083914";"KuNaKiNa";"23222987";"23222987";"Igual";"0"
"531149130681155584";"Hi6or";"5517275";"5517275";"Igual";"0"
"819749462482223124";"819749462482223124";"94263";"94263";"Igual";"0"
"446719617604386842";"AnyCoffee";"59507";"59507";"Igual";"0"
"698204412342173816";"avven1996";"2692418";"2692418";"Igual";"0"
"346061583354691584";"BonePlating";"0";"0";"Igual";"0"
"458026581361950780";"BSAlGunner";"9047265";"9047265";"Igual";"0"
"416755948389007364";"buracaobama";"-2734";"-2734";"Igual";"0"
"450421056503545866";"charopecomch";"0";"0";"Igual";"0"
"334126478457307136";"Cominhos";"20154801";"20154801";"Igual";"0"
"1458956869744722127";"DanoCritico";"3189866";"3189866";"Igual";"0"
"329088072845099008";"DaPraia013";"735525";"735525";"Igual";"0"
"400497884648177665";"Davimix";"22269842";"22269842";"Igual";"0"
"608355472155869185";"Davi🥋";"1160000";"1160000";"Igual";"0"
"766727465652453407";"dsn";"8918279";"8918279";"Igual";"0"
"1246520347193376808";"EXECUTADOR";"2933172";"2933172";"Igual";"0"
"539488665663963165";"goncalves23";"893101";"893101";"Igual";"0"
"1063850136410787870";"hellter77";"745125";"745125";"Igual";"0"
"744014919355203685";"ID:744014919355203685";"0";"0";"Igual";"0"
"377467401647947778";"Iyatzo";"1176429";"1176429";"Igual";"0"
"899398727645687818";"jokker1998";"4472351";"4472351";"Igual";"0"
"1051902816131743775";"jordansPt";"104845";"104845";"Igual";"0"
"367435864894210049";"imdonedontkillme";"1594894";"1594894";"Igual";"0"
"381493092886380555";"Kristal5";"3014748";"3014748";"Igual";"0"
"721162606198390825";"Leygrin";"2600000";"2600000";"Igual";"0"
"875544664286064650";"M1TO";"0";"0";"Igual";"0"
"638458906716143637";"MachoAlpha";"100000";"100000";"Igual";"0"
"600614116587208704";"MARIOMALAN";"1275312";"1275312";"Igual";"0"
"1277808628320964701";"vulgo_mk7";"0";"0";"Igual";"0"
"423268983505027074";"MineMim";"18647726";"18647726";"Igual";"0"
"326472856206835713";"MonetaryMike";"11429082";"11429082";"Igual";"0"
"1030741062848880662";"Morrty";"24914";"24914";"Igual";"0"
"244264130234679296";"Nagacaburos";"1004187";"1004187";"Igual";"0"
"490500694080487443";"Pedrinhoric1";"0";"0";"Igual";"0"
"514559202400796697";"Porquitchona";"15376778";"15376778";"Igual";"0"
"484445694485331982";"Raguinaroqui";"6890691";"6890691";"Igual";"0"
"661980880704765953";"RozaKiller";"0";"0";"Igual";"0"
"1318760627430232068";"Sabedoria7";"6001405";"6001405";"Igual";"0"
"415262593217986562";"SHEIKdoPONTILHAO";"1138937";"1138937";"Igual";"0"
"1399915252744716301";"smith_tezzy";"0";"0";"Igual";"0"
"913832976784166923";"SoulTavio";"0";"0";"Igual";"0"
"1439063522146517202";"Thoffice";"0";"0";"Igual";"0"
"1276439186513203234";"Tmaiusculo";"13527205";"13527205";"Igual";"0"
"395900373191360516";"TUGAUNICO";"570";"570";"Igual";"0"
"715328489938616332";"VTracer";"426618";"426618";"Igual";"0"
"478996305440669707";"VULT0";"3956860";"3956860";"Igual";"0"
"427599422839455745";"Xiitos";"3509";"3509";"Igual";"0"
"469574895014248448";"XlShanksXl";"5593489";"5593489";"Igual";"0"
"952462089883103243";"xotinhadecoco";"0";"0";"Igual";"0"
"460471806944477185";"zheeest";"0";"0";"Igual";"0"
"761058796357156875";"Zk03";"2271186";"2271186";"Igual";"0"
"275412641847967745";"zNeii";"0";"0";"Igual";"0"
"1097109868030201908";"MatMac";"13069488";"13069488";"Igual";"0"
"1185556049189675130";"KauaGames";"624";"624";"Igual";"0"
"1214601905460744255";"Julioczr";"8200353";"8200353";"Igual";"0"
"1416008894119149569";"Euhh";"13492932";"13492932";"Igual";"0"
"379749631938265091";"Natsury";"5070580";"5070580";"Igual";"0"
"226871883231002626";"cannabbis";"91987";"91987";"Igual";"0"
"249759106896887820";"249759106896887820";"0";"0";"Igual";"0"
"694191758292156457";"LIGILIMENCIA";"7004386";"7004386";"Igual";"0"
"934598428523102338";"Superpk";"10297792";"10297792";"Igual";"0"
"1494726889808462029";"Chuckzerah";"153720";"153720";"Igual";"0"
"361647187890798593";"WillHue";"1498865";"1498865";"Igual";"0"
"496647632169730050";"ISpellNotFound";"18847660";"18847660";"Igual";"0"
"676222949870534656";"WelllTKD";"16776178";"16776178";"Igual";"0"
"833005544477556756";"MaxHardcore";"6631870";"6631870";"Igual";"0"
"959202251556159528";"Angellz";"2245";"2245";"Igual";"0"
"1511340140013031444";"Soldier027";"6670065";"6670065";"Igual";"0"
"491770221766639618";"CARLGALAGHER";"2809341";"2809341";"Igual";"0"
"270993729966309379";"0RKuT";"0";"";"Só na lista atual";""
"1051131926108450907";"NevesXC";"0";"";"Só na lista atual";""
"964106782790283295";"HammerTime#4538";"0";"";"Só na lista atual";""
"740728559404056638";"Akuma1000";"25665130";"25665130";"Igual";"0"
"1320413122153943091";"Merlinavo";"10218919";"10218919";"Igual";"0"
"556597416476803189";"habibino";"5083";"5083";"Igual";"0"
"654854886613188626";"garotadeprograma";"2156362";"2156362";"Igual";"0"
"685900724965867563";"TensaiPT";"403877";"403877";"Igual";"0"
"1330695182596964363";"juznjacka_veprina";"0";"";"Só na lista atual";""
"520560313029099530";"CUMPAXD";"0";"";"Só na lista atual";""
"1429546759733907647";"jdjhejssalex_14725";"0";"";"Só na lista atual";""
"1305873299452067853";"rodrigofernandes07";"0";"";"Só na lista atual";""
"351101608136015873";"joze_definitivo";"0";"0";"Igual";"0"
"267384921901891594";".yaziiid";"0";"";"Só na lista atual";""
"766002778631045161";"SShadowless";"400864";"400864";"Igual";"0"
"1275780500962807891";"TKZX";"1013242";"1013242";"Igual";"0"
"1409764713864364042";"tempestade_uwu_16254";"0";"";"Só na lista atual";""
"255414264158748682";".notivago";"0";"";"Só na lista atual";""
"1369421740228481135";"jubileu09928";"0";"";"Só na lista atual";""
"1278078623450005618";"andre_demo44";"0";"0";"Igual";"0"
"1084958294331891813";".antiinflamatorio";"0";"";"Só na lista atual";""
"1081909230828802128";"RodriRowanShade";"0";"";"Só na lista atual";""
"513022573047709709";"mylola262";"12146114";"12146114";"Igual";"0"
"429370915319447554";"RocksDX3bec";"0";"";"Só na lista atual";""
"248845075348586496";"DinossauroDino";"132774";"132774";"Igual";"0"
"534113090367651844";"Lycoyy";"0";"";"Só na lista atual";""
"538403883039588364";"JubaAlmeida";"0";"";"Só na lista atual";""
"714057528488624148";"nelsonpt_";"0";"";"Só na lista atual";""
"281822733761773568";"modestiaaparte";"2215786";"2215786";"Igual";"0"
"1473971113351446569";"orbaizpt_06148";"0";"";"Só na lista atual";""
"235556578651013130";"xKickout";"0";"";"Só na lista atual";""
"1491792699622428672";"tiagocaineta";"0";"";"Só na lista atual";""
"340605653959835658";"RobertXVll";"-11553829";"-11553829";"Igual";"0"
"371453465605701633";"younnggui";"0";"";"Só na lista atual";""
"1281241631554535521";"PlantsTK";"6301266";"6301266";"Igual";"0"
"1299523398778749079";"jeffersonalmeidaaa";"0";"";"Só na lista atual";""
"1484226697938341999";"pomoeriu";"0";"";"Só na lista atual";""
"653341247326388265";"Srurek";"0";"";"Só na lista atual";""
"609370954535010314";"UCKRAPT";"0";"";"Só na lista atual";""
"1382520131548086428";"nstarkast";"0";"";"Só na lista atual";""
"270283012002807808";"kkTremBala2";"0";"";"Só na lista atual";""
"1376929560897130597";"Groom84";"605758";"605758";"Igual";"0"
"725100206323925044";"uReii";"0";"";"Só na lista atual";""
"537059114229039105";"minhafemea1";"7546830";"7546830";"Igual";"0"
"533924542578688001";"Aradzin";"0";"";"Só na lista atual";""
"1417162886693785632";"lenvinsk";"0";"";"Só na lista atual";""
"566292018137923616";"siraw3som3";"0";"";"Só na lista atual";""
"186928389150474240";"xlordlocox";"0";"";"Só na lista atual";""
"1093530373985665054";"R4PATIGA";"0";"";"Só na lista atual";""
"322884403015581706";"KatarinaSemC";"12582704";"12582704";"Igual";"0"
"1469518106517966910";"Jairrodrigo";"1341911";"1341911";"Igual";"0"
"621883156697579541";"MargitOmen";"0";"";"Só na lista atual";""
"538294711836999681";"tistaoo";"0";"";"Só na lista atual";""
"1465366230339817615";"tiagomarques_97492";"0";"";"Só na lista atual";""
"1448437412949921894";"o_tripeiro_1893";"0";"";"Só na lista atual";""
"1043043040278892564";"zooprafa";"0";"";"Só na lista atual";""
"369116806725763072";"SEN1";"0";"";"Só na lista atual";""
"516692872884387841";"Abhi3000";"0";"";"Só na lista atual";""
"180086840005492736";"Ragnarax";"0";"";"Só na lista atual";""
"272762624750518282";"RullinSKILL";"0";"";"Só na lista atual";""
"1320550754607693985";"Zamur0lok0";"0";"";"Só na lista atual";""
"1092197770150023218";"ToastT";"2428433";"2428433";"Igual";"0"
"1388570047085023305";"maicon1357";"4034570";"4034570";"Igual";"0"
"1434597427478007974";"ca1xa";"274";"274";"Igual";"0"
"156814571976392705";"Lusitano";"0";"0";"Igual";"0"
"290944252135997440";"SerpentVeil";"13131496";"13131496";"Igual";"0"
"849403728401793034";"849403728401793034";"679476";"679476";"Igual";"0"
"854041453592313877";"854041453592313877";"-3700000";"-3700000";"Igual";"0"
"997323066248003584";"OldZada";"30699348";"30699348";"Igual";"0"
"512293450767663104";"AbacateMotivado";"0";"";"Só na lista atual";""
"1428604684154830868";"IT4LY";"0";"0";"Igual";"0"
"927906834629681244";"JackTrip21";"121871";"121871";"Igual";"0"
"518186808685887529";"JaxSlayer";"0";"";"Só na lista atual";""
"669664815060353034";"CheckMath";"0";"";"Só na lista atual";""
"861736613100781599";"MiguelAlmeida";"0";"";"Só na lista atual";""
"344847395017850880";"thevyr";"0";"";"Só na lista atual";""
"376409710804467714";"Xaropeta";"0";"";"Só na lista atual";""
"1038835216132886698";"ROLEPLAY";"0";"";"Só na lista atual";""
"1513485207590932551";"BOT_Energias#9641";"0";"";"Só na lista atual";""
"389142347448975361";"Fubbit";"0";"";"Só na lista atual";""
"689590419641991180";"HooLiSheet";"0";"";"Só na lista atual";""
"390723644541632512";"ixpetu";"2047505";"2047505";"Igual";"0"
"694190142298128414";"baruki";"0";"";"Só na lista atual";""
"314540353766162435";"1nesohCehT";"0";"";"Só na lista atual";""
"320760004300767232";"AnnaTinder";"0";"";"Só na lista atual";""
"563446280014004230";"arieeh";"0";"0";"Igual";"0"
"693862932911489085";"gpc020";"-2990";"-2990";"Igual";"0"
"1514086690673922119";"Bheotrem";"805399";"805399";"Igual";"0"
"192271892252459008";"192271892252459008";"189189";"189189";"Igual";"0"
"285479955326959617";"Merus";"1803223";"1803223";"Igual";"0"
"738910731109400658";"lordkiller01";"760488";"760488";"Igual";"0"
"402528814548254720";"PatchBot#0303";"0";"";"Só na lista atual";""
"1328464151420600462";"darkaetheros";"0";"";"Só na lista atual";""
"239868578457714688";"Monkoloide";"0";"";"Só na lista atual";""
"714486733164773398";"18matiass";"0";"";"Só na lista atual";""
"599065078033154048";"KaueLopes";"215244";"215244";"Igual";"0"
"1438018163953504318";"LordKazzak";"1471985";"1471985";"Igual";"0"
"217453230781628428";"kingfate";"202158";"202158";"Igual";"0"
"209064788645511168";"DeadlySnake";"0";"";"Só na lista atual";""
"250265190896107530";"ThanathosXX";"0";"";"Só na lista atual";""
"1059249985465618555";"WeZzAa";"0";"";"Só na lista atual";""
"760601515114758215";"Coilvoid";"0";"0";"Igual";"0"
"855117271420108841";"SelhanEren";"-1536";"-1536";"Igual";"0"
"866822267681636402";"leandroe2811";"0";"";"Só na lista atual";""
"344114623483478017";"CoreDolly";"0";"";"Só na lista atual";""
"1490370430085894394";"Depplilo";"0";"";"Só na lista atual";""
"1215684046722699295";"noob0102";"1334430";"1334430";"Igual";"0"
"1329816443759362059";"mdssmad";"-4760000";"-4760000";"Igual";"0"
"919286568202674196";"hyndrapt_91344";"0";"";"Só na lista atual";""
"984098872836128868";"3eater";"0";"";"Só na lista atual";""
"460847536173875220";"SaraivaP";"0";"";"Só na lista atual";""
"277194631786266624";"JrMadRyukk";"1643647";"1643647";"Igual";"0"
"1513628079334096903";"igor_88938";"0";"";"Só na lista atual";""
"1506109952320868445";"JJWAR";"118940";"118940";"Igual";"0"
"525800113701126155";"HenryDuarte";"0";"";"Só na lista atual";""
"1504983311053881565";"1504983311053881565";"266500";"266500";"Igual";"0"
"183002966024781825";"kingjolas";"1688888";"1688888";"Igual";"0"
"282249415371128832";"282249415371128832";"185430";"185430";"Igual";"0"
"546245484243714049";"546245484243714049";"185184";"185184";"Igual";"0"
"909888044834910239";"Evranor";"66491";"66491";"Igual";"0"
"928066223172911184";"CHOCOHAX";"0";"";"Só na lista atual";""
"156122068641906689";"ZURGUING";"0";"";"Só na lista atual";""
"470754958178779188";"_superguigui";"0";"";"Só na lista atual";""
"313045017574899722";"Ivokratus";"3301551";"3301551";"Igual";"0"
"1468661716081573992";"Crofyy";"0";"";"Só na lista atual";""
"1335498615044444224";"FetishOutThanYou";"-4";"-4";"Igual";"0"
"1502018557381312682";"1502018557381312682";"0";"0";"Igual";"0"
"388061276947087371";"Wolfy1st";"0";"";"Só na lista atual";""
"254602109553606657";"Kytario";"0";"";"Só na lista atual";""
"919287839475261460";"HyndraUk";"0";"";"Só na lista atual";""
"1358799918612877452";"Blackflare";"0";"";"Só na lista atual";""
"1160213295685447791";"Puto09";"673623";"673623";"Igual";"0"
"269947378474287105";"henribone";"0";"";"Só na lista atual";""
"1240147446592704615";"BBOB";"0";"";"Só na lista atual";""
"710897150921408565";".";"0";"";"Só na lista atual";""
"1480611728415789159";"1Ns4N3";"0";"";"Só na lista atual";""
"1235305843679825951";"falconflames27";"0";"";"Só na lista atual";""
"665248055729324062";"partsikana";"0";"";"Só na lista atual";""
"1518904145728372743";"Zulu";"0";"";"Só na lista atual";""
"373231701905899521";"Phomi";"0";"";"Só na lista atual";""
"1499894654605197422";"FomeDeMorte";"0";"";"Só na lista atual";""
"531921915791540225";"delfimfonseca";"0";"";"Só na lista atual";""
"451181202607439900";"Xakalzin";"1156920";"1156920";"Igual";"0"
"539056596689485824";"HomemMontanha";"0";"";"Só na lista atual";""
"1136589781309075527";"fuhusturucu562";"0";"";"Só na lista atual";""
"1004539279810236528";"3366";"0";"";"Só na lista atual";""
"332030576062103554";"jamaiquinha";"2806580";"2806580";"Igual";"0"
"1167245176536825969";"Feison";"0";"";"Só na lista atual";""
"882272429911728129";"ThordaSilva";"0";"";"Só na lista atual";""
"381422768492904450";"Yanoui";"0";"";"Só na lista atual";""
"361105095993196544";"Spiller";"0";"";"Só na lista atual";""
"887386257016098816";"Dorfiuses";"0";"";"Só na lista atual";""
"1401303321351950446";"Shomiwa";"0";"";"Só na lista atual";""
"512010581742714880";"Lourok";"0";"";"Só na lista atual";""
"340568075906711554";"Jmbv";"5863844";"5863844";"Igual";"0"
"1510127595721592843";"Greeninblack";"0";"";"Só na lista atual";""
"390907081223307265";"Bigodediarame";"0";"";"Só na lista atual";""
"1440023791068643449";"KAMAYTACHI";"0";"";"Só na lista atual";""
"504649805692403713";"Nery";"0";"";"Só na lista atual";""
"310123440915087362";"VnfaTl";"0";"";"Só na lista atual";""
"1343925542147326095";"Hyltron";"0";"";"Só na lista atual";""
"700314732795527229";"EBMonarca";"0";"";"Só na lista atual";""
"1009214812791771136";"Saskmot";"0";"";"Só na lista atual";""
"591307320181653504";"Madruguinha";"0";"";"Só na lista atual";""
"1127571587936309288";"elcondopassa";"4358463";"4358463";"Igual";"0"
"381839203551543306";"Bigkahuna";"0";"";"Só na lista atual";""
"546052844374196235";"xVenon";"0";"";"Só na lista atual";""
"889485724699746324";"Spotk";"36080";"36080";"Igual";"0"
"1333499355579023423";"leonekilua";"0";"";"Só na lista atual";""
"553337824955596801";"plimaa";"0";"";"Só na lista atual";""
"601435682115944468";"Rasta";"0";"";"Só na lista atual";""
"125256468071972864";"FELP22BR";"0";"";"Só na lista atual";""
"295026699484004363";"MoneyMaker555";"0";"";"Só na lista atual";""
"448155887291596819";"MAGASZ";"0";"";"Só na lista atual";""
"314532075166236673";"Vivuir";"0";"";"Só na lista atual";""
"557274231499522060";"kemoo_k";"0";"";"Só na lista atual";""
"338287074174304266";"Patiinhas";"0";"";"Só na lista atual";""
"488501604245307402";"Pauloxxz";"0";"";"Só na lista atual";""
"1144929358344110082";"Skipsfr2";"0";"";"Só na lista atual";""
"1294407192207954072";"LipeFuab";"9365597";"9365597";"Igual";"0"
"1437154102567108700";"fgfgfgbbxgfb_66753";"0";"";"Só na lista atual";""
"907781465134227467";"BEZERKEFDS";"0";"";"Só na lista atual";""
"876964767384895529";"ovotzz";"0";"";"Só na lista atual";""
"1156915877770444870";"Yuangii";"13464227";"13464227";"Igual";"0"
"885248908484288523";"sharps1482";"0";"";"Só na lista atual";""
"1091823516434829332";"mbappe420";"0";"";"Só na lista atual";""
"759122184395423784";"Zzeii";"0";"";"Só na lista atual";""
"394935690397351937";"Aurala";"0";"";"Só na lista atual";""
"1230191959826632734";"Narutto";"0";"";"Só na lista atual";""
"639903999608356865";"Vr4L";"0";"";"Só na lista atual";""
"555024281814433803";"mitox1v9";"0";"";"Só na lista atual";""
"1522275536808706233";"afonsosa";"0";"";"Só na lista atual";""
"565593970735054877";"OskiGoat";"0";"";"Só na lista atual";""
"1215777885625782352";"maykonbrinck_19353";"0";"";"Só na lista atual";""
"593902563879813120";"not a brain dead retarded rat";"0";"";"Só na lista atual";""
"303099325142138881";"Sracriola";"0";"";"Só na lista atual";""
"1306680565952675981";"Lostmothers";"63155";"63155";"Igual";"0"
"955890669258420224";"MRyeez007";"3255156";"3255156";"Igual";"0"
"922146319626293268";"Dudugamexd43";"0";"";"Só na lista atual";""
"1367301572522016939";"kalonline_aetherion";"0";"";"Só na lista atual";""
"228235990416752641";"the_rennie";"0";"";"Só na lista atual";""
"371331858316918785";"PKdora";"0";"";"Só na lista atual";""
"1487829790567436348";"Toolsnew";"0";"";"Só na lista atual";""
"344761193354756110";"Reguilla";"2859736";"2859736";"Igual";"0"
"556112097897873472";"Thaygon3";"0";"";"Só na lista atual";""
"1516481940629360879";"theYousek";"4102";"4102";"Igual";"0"
"522826422608461854";"Chapadexx";"0";"";"Só na lista atual";""
"506045516421791744";"DBcide";"0";"";"Só na lista atual";""
"511280025618612224";"warlocklord";"6120983";"6120983";"Igual";"0"
"666366640341909516";"Luisinho465";"0";"";"Só na lista atual";""
"572616602307133469";"Zilux";"0";"";"Só na lista atual";""
"1343218973751251018";"cirilogfgf.";"0";"";"Só na lista atual";""
"712026603592482916";"Kaduuuuu";"0";"";"Só na lista atual";""
"473507114153934849";"chucky27_";"0";"";"Só na lista atual";""
"718126152648228934";"limagamef";"0";"";"Só na lista atual";""
"1194061140829937813";"zzzz_z0970";"0";"";"Só na lista atual";""
"294027490404597764";"Susex";"912266";"912266";"Igual";"0"
"1230564266092925010";"BrEnnD";"3063069";"3063069";"Igual";"0"
"675651395319234572";"gavialkirill";"0";"";"Só na lista atual";""
"1045169398123614279";"starsyfirst";"0";"";"Só na lista atual";""
"1475232940479746140";"exquisite_pony_46758";"0";"";"Só na lista atual";""
"490157898433953815";"SeuDanadoo";"24315062";"24315062";"Igual";"0"
"1358380914656284753";"guislave_96914";"0";"";"Só na lista atual";""
"728372540581478562";"BUNNYYKII";"0";"";"Só na lista atual";""
"1527371637123580065";"Guislave";"0";"";"Só na lista atual";""
"1358384823840018616";"guislave_12591";"4932";"4932";"Igual";"0"
"898147691580751882";"S2pdFkingDevs";"0";"";"Só na lista atual";""
"1091760522518597763";"2PowerGiat";"421731";"421731";"Igual";"0"
"1522908819355730063";"ImortaI";"436221";"436221";"Igual";"0"
"581985152922812417";"danielsantos7258";"0";"";"Só na lista atual";""
"232908438709993472";"vlaadov";"0";"";"Só na lista atual";""
"604772728930697217";"TheoTheLion";"0";"";"Só na lista atual";""
"753727326453235874";"LPPON";"200000";"200000";"Igual";"0"
"1233822994086756373";"botclimber_06686";"0";"";"Só na lista atual";""
"285484948545208323";"A2ar";"8547834";"8547834";"Igual";"0"
"417336609567014914";"ViToR09";"0";"";"Só na lista atual";""
"254554155287445505";"F4AL";"0";"";"Só na lista atual";""
"1465839812350312469";"remzy_z";"0";"";"Só na lista atual";""
"566316208077406244";"elet_rn";"0";"";"Só na lista atual";""
"1455625941173796876";"nightshader2.0";"0";"";"Só na lista atual";""
"946483386522935357";"suypoM";"0";"";"Só na lista atual";""
"1306315894229565472";"B2r";"0";"";"Só na lista atual";""
"464184483340615690";"nito19";"0";"";"Só na lista atual";""
"713432337895129170";"TheBad";"0";"";"Só na lista atual";""
"574148546790686722";"lesssid";"0";"";"Só na lista atual";""
"1314230391246164109";"Bumeris";"0";"";"Só na lista atual";""
"1214043338102284350";"BotaAcara";"0";"";"Só na lista atual";""
"264798813309501440";"Karz1N";"83397";"83397";"Igual";"0"
"175030815351111680";"Lamusk";"1320052";"1320052";"Igual";"0"
"325131573714354176";"Stresseed";"0";"";"Só na lista atual";""
"957808145374265366";"warm4m";"1109891";"1109891";"Igual";"0"
"713024238206058527";"Temperamental";"978421";"978421";"Igual";"0"
"720731448772001863";"spicar_";"0";"";"Só na lista atual";""
"630499923888046090";"baardd";"0";"";"Só na lista atual";""
"347549500816097282";"Patolas";"39623481";"39623481";"Igual";"0"
"525029904345989120";"LuiziN";"7074530";"7074530";"Igual";"0"
"868886670626390026";"tfmPuniSHEr";"1801534";"1801534";"Igual";"0"
"371121938883411972";"MaCiRoSKi";"1806450";"1806450";"Igual";"0"
"486336268679118859";"Bijior";"0";"";"Só na lista atual";""
"464132957695901697";"Sum0l";"2264309";"2264309";"Igual";"0"
"700728718158463017";"Tiotrymmi";"1340768";"1340768";"Igual";"0"
"1532384519645167658";"AnjoThal";"0";"";"Só na lista atual";""
"540770000789700608";"yPROF";"0";"";"Só na lista atual";""
"1220714495375310851";"xt_9";"0";"";"Só na lista atual";""
"273557390278918145";"Nandixx";"15040482";"15040482";"Igual";"0"
"351642332422078464";"Onigum000";"3140237";"3140237";"Igual";"0"
"1199407083569807401";"tar0443_68613";"0";"";"Só na lista atual";""
"874409425513889882";"xxjomoto17xx";"0";"";"Só na lista atual";""
"568903590001770507";"Kabritonho (PH)";"1215035";"1215035";"Igual";"0"
"419127868711239692";"rapaligaa";"0";"";"Só na lista atual";""
"323943948865241088";"vadisley";"13878119";"13878119";"Igual";"0"
"466654138147799040";"MrBrutu";"0";"";"Só na lista atual";""
"1069723040721686548";"vitinraba";"887565";"887565";"Igual";"0"
"308265284005920769";"Jabiroca1";"3919646";"3919646";"Igual";"0"
"479804582390792193";"Zicadas";"0";"";"Só na lista atual";""
"580789096985788427";"ruizao";"0";"";"Só na lista atual";""
"149212779209949185";"fafa02";"0";"";"Só na lista atual";""
"371321130465886209";"SkarWalker";"0";"";"Só na lista atual";""
"1515331152364179488";"JoxPT";"0";"";"Só na lista atual";""
"964575801578242218";"Blackzinr";"0";"";"Só na lista atual";""
"583335452078243850";"oparzival";"0";"";"Só na lista atual";""
"1459675425956696105";"luul_37897";"0";"";"Só na lista atual";""
"197366486707208192";"robytu";"0";"";"Só na lista atual";""
"1264967185688821770";"azzzz0978_05294";"0";"";"Só na lista atual";""
"759862010531282984";"nathive";"0";"";"Só na lista atual";""
"504373316128079873";"roygets";"0";"";"Só na lista atual";""
"429950128749674497";"zBrunooHD";"0";"";"Só na lista atual";""
"1364757568160796703";"telefon229";"0";"";"Só na lista atual";""
"1342926408741031987";"NamikazePT";"0";"";"Só na lista atual";""
"1154863602046615562";"OlhaOPassarinho";"0";"";"Só na lista atual";""
"519602794194534400";"jotarokunBR78";"35684";"35684";"Igual";"0"
"710596070329286666";"xvjaimevx";"0";"";"Só na lista atual";""
"1487476650093445132";"saci_82344";"0";"";"Só na lista atual";""
"1287367032131682428";"Lumen821";"49617";"49617";"Igual";"0"
"729690338091991110";"dyonesayres3051";"0";"";"Só na lista atual";""
"814503362506260502";"HolyGyat2324";"3974";"3974";"Igual";"0"
"556613447337639937";"Grockyy";"1273615";"1273615";"Igual";"0"
"170938526794383360";"slowmogoat";"0";"";"Só na lista atual";""
"243087426984083456";"Amakv";"1915737";"1915737";"Igual";"0"
"751465111390257153";"raphelan.";"0";"";"Só na lista atual";""
"470687083665555477";"dede12yt";"0";"";"Só na lista atual";""
"336664216394137612";"porto1893";"0";"";"Só na lista atual";""
"531898170087571457";"LORDJAPAA";"0";"";"Só na lista atual";""
"350766233932791808";"DasKhatar";"0";"";"Só na lista atual";""
"286947138917892108";"th3enigma";"0";"";"Só na lista atual";""
"1336780961475461242";"1SkylifhtLWY";"0";"";"Só na lista atual";""
"1097165411478421534";"1NightReaperLWY";"0";"";"Só na lista atual";""
"829059519035998217";"Pevida";"0";"";"Só na lista atual";""
"232074742226485259";"DanyV1";"7242657";"7242657";"Igual";"0"
"145387137271857152";"FullTime";"0";"0";"Igual";"0"
"629795175329169411";"hachixi";"702020";"702020";"Igual";"0"
"1185528138063683594";"FlyLWY";"0";"";"Só na lista atual";""
"256462565738151937";"teessa";"833750";"833750";"Igual";"0"
"593465702288064531";"Telesss";"865629";"865629";"Igual";"0"
"437748452290461706";"jaummb";"0";"";"Só na lista atual";""
"1018672634294173746";"BrunoAnulino";"0";"";"Só na lista atual";""
"468368441812713482";"quack1428";"0";"";"Só na lista atual";""
"950457592734425198";"Mavin";"0";"";"Só na lista atual";""
"508702520659542030";"wumido";"0";"";"Só na lista atual";""
"255436974633123840";"Djwd";"27568533";"27568533";"Igual";"0"
"1140087627668799579";"thiral_";"0";"";"Só na lista atual";""
"1125824260334686208";"V4N3SS4";"0";"";"Só na lista atual";""
"325391987836452874";"CunaPrata";"1706563";"1706563";"Igual";"0"
"717856427238097014";"Tuga95";"0";"";"Só na lista atual";""
"863860704024723476";"ArmandoTeles";"813133";"813133";"Igual";"0"
"307998818547531777";"Medal#1237";"0";"";"Só na lista atual";""
"148507626471161856";"TheOneSinx";"0";"";"Só na lista atual";""
"1119577150182404156";"dannonekk";"0";"";"Só na lista atual";""
"580453411963797512";"Rammstein";"5043737";"5043737";"Igual";"0"
"697346860314132542";"Superrr2855";"0";"";"Só na lista atual";""
"125040808125661184";"MissyPT";"0";"";"Só na lista atual";""
"1510476489219510335";"Kuntakint";"0";"";"Só na lista atual";""
"985218475859538000";"horseven";"0";"";"Só na lista atual";""
"244779276035948544";"wasterose";"0";"";"Só na lista atual";""
"1525207598717206588";"escalhavardo_82615";"0";"";"Só na lista atual";""
"915746290233671691";"Escalhavardo";"0";"";"Só na lista atual";""
"693525021196288021";"jajaminamate";"0";"";"Só na lista atual";""
"1010717343573360790";"ROBINHOBINHO";"0";"";"Só na lista atual";""
"687280926648041590";"DirtyB";"0";"";"Só na lista atual";""
"319847078723452928";"nadaxo";"0";"";"Só na lista atual";""
"1416106205486518543";"62baran62";"0";"";"Só na lista atual";""
"827607898523172934";"Eredus";"3469681";"3469681";"Igual";"0"
"367687907085123594";"DaPaixao";"0";"";"Só na lista atual";""
"585947550511530025";"MADEGA";"0";"";"Só na lista atual";""
"884496220763074652";"BoladoRx";"364480";"364480";"Igual";"0"
"312791301533728770";"neyzinnn";"0";"";"Só na lista atual";""
"1387950423008350268";"NeyZiNNN";"0";"";"Só na lista atual";""
"1398637072868442305";"USSOPP";"2795883";"2795883";"Igual";"0"
"1407498248414822480";"StiiG";"1267313";"1267313";"Igual";"0"
"1305984593664675840";"BeToxic";"2117958";"2117958";"Igual";"0"
"1450966486725431519";"hercules_03853";"0";"";"Só na lista atual";""
"314048774383206412";"whyzper";"0";"";"Só na lista atual";""
"1028127770385076314";"Hercules08";"0";"";"Só na lista atual";""
"302507261224288258";"H3nryke";"0";"";"Só na lista atual";""
"1063450031480385606";"elmamaguebo";"0";"";"Só na lista atual";""
"297704721182097409";"Dbarbzz";"0";"";"Só na lista atual";""
"184974428638019585";"BritneyBeers";"2349395";"2349395";"Igual";"0"
"1461063955295371449";"larguekz";"0";"";"Só na lista atual";""
"277072502860021760";"nlx_";"0";"";"Só na lista atual";""
"1193323926831505438";"vDrexe";"0";"";"Só na lista atual";""
"878703012900651078";"Tiagofill";"544840";"544840";"Igual";"0"
"266702399073157122";"Sambax";"0";"";"Só na lista atual";""
"376119675941158913";"Deidade";"2473793";"2473793";"Igual";"0"
"466618247815495680";"Lorethiel";"0";"";"Só na lista atual";""
"726440693895135273";"rochaqui";"1717579";"1717579";"Igual";"0"
"237545381200658432";"Thal";"775847";"775847";"Igual";"0"
"1541893905266511973";"suslooksmaxx0411";"0";"";"Só na lista atual";""
"601805093385535500";"Shoofat";"599798";"599798";"Igual";"0"
"845704372146274325";"Maliba";"7524623";"7524623";"Igual";"0"
"327200232570093568";".marinho.";"0";"";"Só na lista atual";""
"1432066219246092488";"Nosoycaesell";"0";"";"Só na lista atual";""
"1529153074898141389";"caesell";"0";"";"Só na lista atual";""
"1515506072339611679";"PunhetadeBacalha";"0";"";"Só na lista atual";""
"383280324303519744";"MALAGORA";"17018333";"17018333";"Igual";"0"
"1541919968210321558";"alfasjjrt";"0";"";"Só na lista atual";""
"1535386328055816194";"x6z9l";"0";"";"Só na lista atual";""
"177877461856550913";"El Primo Pablo";"0";"";"Só na lista atual";""
"775381833918840833";"COUVE123";"-4655";"-4655";"Igual";"0"
"258283567249883136";"LordMikey";"4236200";"4236200";"Igual";"0"
"659514861822148608";"luasombria";"0";"";"Só na lista atual";""
"709080495304212500";"WillianNovack";"0";"";"Só na lista atual";""
"1545116671256174622";"kappajb";"0";"";"Só na lista atual";""
"746828050510905434";"Fernandovski27";"0";"";"Só na lista atual";""
"1392909023761793197";"panda27_69542";"0";"";"Só na lista atual";""
"957019611788902470";"Magnun17";"82078";"82078";"Igual";"0"
"313376204747177984";"wollfred";"0";"";"Só na lista atual";""
"211570725637586946";"Tatsajin";"0";"";"Só na lista atual";""
"854118347990237264";"GunsZ";"0";"";"Só na lista atual";""
"166987129908494336";"zySouL";"0";"";"Só na lista atual";""
"1145633098474737714";"vaalii96";"0";"";"Só na lista atual";""
"768777397280702494";"yamakawahochstetler42";"0";"";"Só na lista atual";""
"1407361733072519181";"sirus.veldin";"0";"";"Só na lista atual";""
"746055392102187140";"RobinhoodRS";"0";"";"Só na lista atual";""
"1531592769506644161";"dangerousexcess";"0";"";"Só na lista atual";""
"285602609769742337";"DarosBR";"5538267";"5538267";"Igual";"0"
"615068596485488670";"toni2654";"0";"";"Só na lista atual";""
"829403622210273290";"lifeguard";"0";"";"Só na lista atual";""
"1461812495885799434";"SirJohnnyStick";"0";"";"Só na lista atual";""
"1030194670824853706";"alichnani";"0";"";"Só na lista atual";""
"1178009682229592136";"Regoufe";"0";"";"Só na lista atual";""
"758020007119683635";"Brasileiro";"0";"";"Só na lista atual";""
"732386964250034195";"Any English?";"0";"";"Só na lista atual";""
"1526048209984688199";"sumixx211_57249";"0";"";"Só na lista atual";""
"408381038365114379";"Djakaa";"0";"";"Só na lista atual";""
"543751380171620352";"Emylor";"0";"";"Só na lista atual";""
"244556235880398849";"xMystik";"0";"";"Só na lista atual";""
"1082972871040704652";"lacouse";"0";"";"Só na lista atual";""
"767056383278710785";"dktz1";"0";"";"Só na lista atual";""
"1477813379094675506";"FXSS3333";"0";"";"Só na lista atual";""
"764445848582881300";"Retiol";"-99";"-99";"Igual";"0"
"681984739124838411";"Qoex";"0";"";"Só na lista atual";""
"590594901670887435";"_xsaca_";"0";"";"Só na lista atual";""
"356970021601280002";"RibzZ";"0";"";"Só na lista atual";""
"1106881101420560454";"Rhyave";"91589";"91589";"Igual";"0"
"1545028931088818230";"looksmaxx0187";"0";"";"Só na lista atual";""
"269294174468046848";"voukin";"2598435";"2598435";"Igual";"0"
"359511971772760064";"skeent11638";"0";"";"Só na lista atual";""
"1421536878577848341";"BINDEL";"0";"";"Só na lista atual";""
"344605806831992845";"TelaskoNavara";"0";"";"Só na lista atual";""
"1487029972387496019";"iamnikhilkohli";"0";"";"Só na lista atual";""
"1346489041910239298";"JPFD";"0";"";"Só na lista atual";""
"1387855600536260748";"sam_3241";"0";"";"Só na lista atual";""
"522560472336302090";"SaABoYY";"0";"";"Só na lista atual";""
"398481114530054154";"Ruipedrox";"0";"";"Só na lista atual";""
"1539509135903686690";"kyawlynn0229";"0";"";"Só na lista atual";""
"1285731317450932399";"bryanbmevsnn";"0";"";"Só na lista atual";""
"401482854611288065";"DiaBranda";"0";"";"Só na lista atual";""
"1552242646435627037";"mayhem.94";"0";"";"Só na lista atual";""
"514527714510897157";"PlayOutLaw";"883732";"883732";"Igual";"0"
"1523006477453889626";"luckyhenry";"0";"";"Só na lista atual";""
"975493913718718555";"975493913718718555";"";"1583603";"Só no CSV da guilda";""