Membro;Saldo (prata)
"Patolas";39.623.481
"OldZada";30.699.348
"Djwd";27.568.533
"Akuma1000";25.665.130
"SeuDanadoo";24.315.062
"KuNaKiNa";23.222.987
"Davimix";22.269.842
"Cominhos";20.154.801
"ISpellNotFound";18.847.660
"MineMim";18.647.726
"MALAGORA";17.018.333
"WelllTKD";16.776.178
"Porquitchona";15.376.778
"Nandixx";15.040.482
"vadisley";13.878.119
"Tmaiusculo";13.527.205
"Euhh";13.492.932
"Yuangii";13.464.227
"SerpentVeil";13.131.496
"MatMac";13.069.488
"KatarinaSemC";12.582.704
"mylola262";12.146.114
"MonetaryMike";11.429.082
"Superpk";10.297.792
"Merlinavo";10.218.919
"LipeFuab";9.365.597
"BSAlGunner";9.047.265
"dsn";8.918.279
"A2ar";8.547.834
"Julioczr";8.200.353
"minhafemea1";7.546.830
"Maliba";7.524.623
"DanyV1";7.242.657
"LuiziN";7.074.530
"LIGILIMENCIA";7.004.386
"Raguinaroqui";6.890.691
"Soldier027";6.670.065
"MaxHardcore";6.631.870
"PlantsTK";6.301.266
"warlocklord";6.120.983
"Sabedoria7";6.001.405
"Jmbv";5.863.844
"XlShanksXl";5.593.489
"DarosBR";5.538.267
"Hi6or";5.517.275
"Natsury";5.070.580
"Rammstein";5.043.737
"jokker1998";4.472.351
"elcondopassa";4.358.463
"LordMikey";4.236.200
"maicon1357";4.034.570
"VULT0";3.956.860
"Jabiroca1";3.919.646
"Eredus";3.469.681
"Ivokratus";3.301.551
"MRyeez007";3.255.156
"DanoCritico";3.189.866
"Onigum000";3.140.237
"BrEnnD";3.063.069
"Kristal5";3.014.748
"EXECUTADOR";2.933.172
"Reguilla";2.859.736
"CARLGALAGHER";2.809.341
"jamaiquinha";2.806.580
"USSOPP";2.795.883
"avven1996";2.692.418
"Leygrin";2.600.000
"voukin";2.598.435
"Deidade";2.473.793
"ToastT";2.428.433
"BritneyBeers";2.349.395
"Zk03";2.271.186
"Sum0l";2.264.309
"modestiaaparte";2.215.786
"garotadeprograma";2.156.362
"BeToxic";2.117.958
"ixpetu";2.047.505
"Amakv";1.915.737
"MaCiRoSKi";1.806.450
"Merus";1.803.223
"tfmPuniSHEr";1.801.534
"rochaqui";1.717.579
"CunaPrata";1.706.563
"kingjolas";1.688.888
"JrMadRyukk";1.643.647
"imdonedontkillme";1.594.894
"WillHue";1.498.865
"LordKazzak";1.471.985
"Jairrodrigo";1.341.911
"Tiotrymmi";1.340.768
"noob0102";1.334.430
"Lamusk";1.320.052
"MARIOMALAN";1.275.312
"Grockyy";1.273.615
"StiiG";1.267.313
"Kabritonho (PH)";1.215.035
"Iyatzo";1.176.429
"Davi🥋";1.160.000
"Xakalzin";1.156.920
"SHEIKdoPONTILHAO";1.138.937
"warm4m";1.109.891
"TKZX";1.013.242
"Nagacaburos";1.004.187
"Temperamental";978.421
"Susex";912.266
"goncalves23";893.101
"vitinraba";887.565
"PlayOutLaw";883.732
"Telesss";865.629
"teessa";833.750
"ArmandoTeles";813.133
"Bheotrem";805.399
"Thal";775.847
"lordkiller01";760.488
"hellter77";745.125
"DaPraia013";735.525
"hachixi";702.020
"849403728401793034";679.476
"Puto09";673.623
"Groom84";605.758
"Shoofat";599.798
"Tiagofill";544.840
"OkiteKomi";484.830
"ImortaI";436.221
"VTracer";426.618
"2PowerGiat";421.731
"TensaiPT";403.877
"SShadowless";400.864
"BoladoRx";364.480
"1504983311053881565";266.500
"KaueLopes";215.244
"kingfate";202.158
"LPPON";200.000
"192271892252459008";189.189
"282249415371128832";185.430
"546245484243714049";185.184
"Chuckzerah";153.720
"DinossauroDino";132.774
"JackTrip21";121.871
"JJWAR";118.940
"jordansPt";104.845
"MachoAlpha";100.000
"819749462482223124";94.263
"cannabbis";91.987
"Rhyave";91.589
"Karz1N";83.397
"Magnun17";82.078
"Evranor";66.491
"Lostmothers";63.155
"AnyCoffee";59.507
"Lumen821";49.617
"Spotk";36.080
"jotarokunBR78";35.684
"Morrty";24.914
"habibino";5.083
"guislave_12591";4.932
"theYousek";4.102
"HolyGyat2324";3.974
"Xiitos";3.509
"Angellz";2.245
"KauaGames";624
"TUGAUNICO";570
"ca1xa";274
".";0
".antiinflamatorio";0
".marinho.";0
".notivago";0
".yaziiid";0
"0RKuT";0
"1502018557381312682";0
"18matiass";0
"1nesohCehT";0
"1NightReaperLWY";0
"1Ns4N3";0
"1SkylifhtLWY";0
"249759106896887820";0
"3366";0
"3eater";0
"62baran62";0
"_superguigui";0
"_xsaca_";0
"AbacateMotivado";0
"Abhi3000";0
"afonsosa";0
"alfasjjrt";0
"alichnani";0
"andre_demo44";0
"AnjoThal";0
"AnnaTinder";0
"Any English?";0
"Aradzin";0
"arieeh";0
"Aurala";0
"azzzz0978_05294";0
"B2r";0
"baardd";0
"baruki";0
"BBOB";0
"BEZERKEFDS";0
"Bigkahuna";0
"Bigodediarame";0
"Bijior";0
"BINDEL";0
"Blackflare";0
"Blackzinr";0
"BonePlating";0
"BOT_Energias#9641";0
"BotaAcara";0
"botclimber_06686";0
"Brasileiro";0
"BrunoAnulino";0
"bryanbmevsnn";0
"Bumeris";0
"BUNNYYKII";0
"caesell";0
"Chapadexx";0
"charopecomch";0
"CheckMath";0
"CHOCOHAX";0
"chucky27_";0
"cirilogfgf.";0
"Coilvoid";0
"CoreDolly";0
"Crofyy";0
"CUMPAXD";0
"dangerousexcess";0
"danielsantos7258";0
"dannonekk";0
"DaPaixao";0
"darkaetheros";0
"DasKhatar";0
"Dbarbzz";0
"DBcide";0
"DeadlySnake";0
"dede12yt";0
"delfimfonseca";0
"Depplilo";0
"DiaBranda";0
"DirtyB";0
"Djakaa";0
"dktz1";0
"Dorfiuses";0
"Dudugamexd43";0
"dyonesayres3051";0
"EBMonarca";0
"El Primo Pablo";0
"elet_rn";0
"elmamaguebo";0
"Emylor";0
"Escalhavardo";0
"escalhavardo_82615";0
"exquisite_pony_46758";0
"F4AL";0
"fafa02";0
"falconflames27";0
"Feison";0
"FELP22BR";0
"Fernandovski27";0
"fgfgfgbbxgfb_66753";0
"FlyLWY";0
"FomeDeMorte";0
"Fubbit";0
"fuhusturucu562";0
"FullTime";0
"FXSS3333";0
"gavialkirill";0
"Greeninblack";0
"Guislave";0
"guislave_96914";0
"GunsZ";0
"H3nryke";0
"HammerTime#4538";0
"henribone";0
"HenryDuarte";0
"Hercules08";0
"hercules_03853";0
"HomemMontanha";0
"HooLiSheet";0
"horseven";0
"Hyltron";0
"hyndrapt_91344";0
"HyndraUk";0
"iamnikhilkohli";0
"ID:744014919355203685";0
"igor_88938";0
"IT4LY";0
"jajaminamate";0
"jaummb";0
"JaxSlayer";0
"jdjhejssalex_14725";0
"jeffersonalmeidaaa";0
"JoxPT";0
"joze_definitivo";0
"JPFD";0
"JubaAlmeida";0
"jubileu09928";0
"juznjacka_veprina";0
"Kaduuuuu";0
"kalonline_aetherion";0
"KAMAYTACHI";0
"kappajb";0
"kemoo_k";0
"kkTremBala2";0
"Kuntakint";0
"kyawlynn0229";0
"Kytario";0
"lacouse";0
"larguekz";0
"leandroe2811";0
"lenvinsk";0
"leonekilua";0
"lesssid";0
"lifeguard";0
"limagamef";0
"looksmaxx0187";0
"LORDJAPAA";0
"Lorethiel";0
"Lourok";0
"luasombria";0
"luckyhenry";0
"Luisinho465";0
"Lusitano";0
"luul_37897";0
"Lycoyy";0
"M1TO";0
"MADEGA";0
"Madruguinha";0
"MAGASZ";0
"MargitOmen";0
"Mavin";0
"mayhem.94";0
"maykonbrinck_19353";0
"mbappe420";0
"Medal#1237";0
"MiguelAlmeida";0
"MissyPT";0
"mitox1v9";0
"MoneyMaker555";0
"Monkoloide";0
"MrBrutu";0
"nadaxo";0
"NamikazePT";0
"Narutto";0
"nathive";0
"nelsonpt_";0
"Nery";0
"NevesXC";0
"neyzinnn";0
"NeyZiNNN";0
"nightshader2.0";0
"nito19";0
"nlx_";0
"Nosoycaesell";0
"not a brain dead retarded rat";0
"nstarkast";0
"o_tripeiro_1893";0
"OlhaOPassarinho";0
"oparzival";0
"orbaizpt_06148";0
"OskiGoat";0
"ovotzz";0
"panda27_69542";0
"partsikana";0
"PatchBot#0303";0
"Patiinhas";0
"Pauloxxz";0
"Pedrinhoric1";0
"Pevida";0
"Phomi";0
"PKdora";0
"plimaa";0
"pomoeriu";0
"porto1893";0
"PunhetadeBacalha";0
"Qoex";0
"quack1428";0
"R4PATIGA";0
"Ragnarax";0
"rapaligaa";0
"raphelan.";0
"Rasta";0
"Regoufe";0
"remzy_z";0
"RibzZ";0
"ROBINHOBINHO";0
"RobinhoodRS";0
"robytu";0
"RocksDX3bec";0
"rodrigofernandes07";0
"RodriRowanShade";0
"ROLEPLAY";0
"roygets";0
"RozaKiller";0
"Ruipedrox";0
"ruizao";0
"RullinSKILL";0
"S2pdFkingDevs";0
"SaABoYY";0
"saci_82344";0
"sam_3241";0
"Sambax";0
"SaraivaP";0
"Saskmot";0
"SEN1";0
"sharps1482";0
"Shomiwa";0
"siraw3som3";0
"SirJohnnyStick";0
"sirus.veldin";0
"SkarWalker";0
"skeent11638";0
"Skipsfr2";0
"slowmogoat";0
"smith_tezzy";0
"SoulTavio";0
"spicar_";0
"Spiller";0
"Sracriola";0
"Srurek";0
"starsyfirst";0
"Stresseed";0
"sumixx211_57249";0
"Superrr2855";0
"suslooksmaxx0411";0
"suypoM";0
"tar0443_68613";0
"Tatsajin";0
"TelaskoNavara";0
"telefon229";0
"tempestade_uwu_16254";0
"th3enigma";0
"ThanathosXX";0
"Thaygon3";0
"the_rennie";0
"TheBad";0
"TheOneSinx";0
"TheoTheLion";0
"thevyr";0
"thiral_";0
"Thoffice";0
"ThordaSilva";0
"tiagocaineta";0
"tiagomarques_97492";0
"tistaoo";0
"toni2654";0
"Toolsnew";0
"Tuga95";0
"UCKRAPT";0
"uReii";0
"V4N3SS4";0
"vaalii96";0
"vDrexe";0
"ViToR09";0
"Vivuir";0
"vlaadov";0
"VnfaTl";0
"Vr4L";0
"vulgo_mk7";0
"wasterose";0
"WeZzAa";0
"whyzper";0
"WillianNovack";0
"Wolfy1st";0
"wollfred";0
"wumido";0
"x6z9l";0
"Xaropeta";0
"xKickout";0
"xlordlocox";0
"xMystik";0
"xotinhadecoco";0
"xt_9";0
"xVenon";0
"xvjaimevx";0
"xxjomoto17xx";0
"yamakawahochstetler42";0
"Yanoui";0
"younnggui";0
"yPROF";0
"Zamur0lok0";0
"zBrunooHD";0
"zheeest";0
"Zicadas";0
"Zilux";0
"zNeii";0
"zooprafa";0
"Zulu";0
"ZURGUING";0
"zySouL";0
"Zzeii";0
"zzzz_z0970";0
"FetishOutThanYou";-4
"Retiol";-99
"SelhanEren";-1.536
"buracaobama";-2.734
"gpc020";-2.990
"COUVE123";-4.655
"854041453592313877";-3.700.000
"mdssmad";-4.760.000
"RobertXVll";-11.553.829